{
  "H": 1.5,
  "W": 0.5,
  "nH": 5,
  "nW": 4,
  "pC": [-0.5773502692,0.5773502692],
  "wagi":[1,1]
}