{
  "H": 1.5,
  "W":  0.5,
  "nH": 5.0,
  "nW": 4.0,
  "pC": [-0.5773502691,0.5773502691],
  "weights": [1.0, 1.0],
  "k": 30.0,
  "c": 700.0,
  "ro": 7800.0,
  "alfa": 25.0,
  "T": 1200.0
}