{
  "H": 0.1,
  "W":  0.1,
  "nH": 31.0,
  "nW": 31.0,
  "pC": [-0.5773502691,0.5773502691],
  "weights": [1.0, 1.0],
  "k": 25.0,
  "c": 700.0,
  "ro": 7800.0,
  "alfa": 300.0,
  "T_oo": 1200.0,
  "stepTime": 1.0,
  "initialTemperature": 100.0
}