{
  "H": 1.5,
  "W": 0.5,
  "nH": 5.0,
  "nW": 4.0,
  "pC": [-0.577350269,0.577350269],
  "weights": [1.0, 1.0]
}