{
  "H": 2.0,
  "W": 2.0,
  "nH": 7.0,
  "nW": 7.0,
  "pC": [-0.5773502691,0.5773502691],
  "weights": [1.0, 1.0]
}