{
  "H": 0.1,
  "W": 0.1,
  "nH": 4.0,
  "nW": 4.0,
  "pC": [-0.5773502691,0.5773502691],
  "weights": [1.0, 1.0]
}